timestamp,symbol,side,price,quantity,order_id,api_response,pnl,signal_reason,strategy_state
2026-03-18T10:09:40.363540,BTC/USD,HOLD,74144.0,0,,,,SVM prediction based on SMA features,"{'sma3': 74312.67333333334, 'sma10': 71700.92, 'momentum': 0.0031745640876880096}"
2026-03-18T10:09:50.599895,BTC/USD,HOLD,74144.0,0,,,,SVM prediction based on SMA features,"{'sma3': 74312.67666666667, 'sma10': 71700.921, 'momentum': 0.0031746993885483437}"
2026-03-18T10:10:01.241370,BTC/USD,HOLD,74144.0,0,,,,SVM prediction based on SMA features,"{'sma3': 74312.67333333334, 'sma10': 71700.92, 'momentum': 0.0031745640876880096}"
2026-03-18T10:10:11.492834,BTC/USD,HOLD,74187.46,0,,,,SVM prediction based on SMA features,"{'sma3': 74327.16333333333, 'sma10': 71705.26699999999, 'momentum': 0.0037627169278695665}"
2026-03-18T10:10:21.728341,BTC/USD,HOLD,74187.47,0,,,,SVM prediction based on SMA features,"{'sma3': 74327.16333333333, 'sma10': 71705.26699999999, 'momentum': 0.0037627169278695665}"
2026-03-18T10:10:32.081961,BTC/USD,HOLD,74187.46,0,,,,SVM prediction based on SMA features,"{'sma3': 74327.16333333333, 'sma10': 71705.26699999999, 'momentum': 0.0037627169278695665}"
2026-03-18T10:10:42.340712,BTC/USD,HOLD,74187.46,0,,,,SVM prediction based on SMA features,"{'sma3': 74327.16333333333, 'sma10': 71705.26699999999, 'momentum': 0.0037627169278695665}"
2026-03-18T10:10:52.586254,BTC/USD,HOLD,74187.47,0,,,,SVM prediction based on SMA features,"{'sma3': 74327.16666666667, 'sma10': 71705.268, 'momentum': 0.0037628522287299006}"
2026-03-18T10:11:02.877024,BTC/USD,HOLD,74203.05,0,,,,SVM prediction based on SMA features,"{'sma3': 74332.36, 'sma10': 71706.826, 'momentum': 0.003973650969241275}"
2026-03-18T10:11:13.125228,BTC/USD,HOLD,74230.6,0,,,,SVM prediction based on SMA features,"{'sma3': 74341.54, 'sma10': 71709.57999999999, 'momentum': 0.004346269538797196}"
2026-03-18T10:11:23.399044,BTC/USD,HOLD,74243.5,0,,,,SVM prediction based on SMA features,"{'sma3': 74345.84333333334, 'sma10': 71710.871, 'momentum': 0.004520942949580397}"
2026-03-18T10:11:33.658311,BTC/USD,HOLD,74231.0,0,,,,SVM prediction based on SMA features,"{'sma3': 74341.67333333334, 'sma10': 71709.62, 'momentum': 0.004351681573213523}"
2026-03-18T10:11:43.930468,BTC/USD,HOLD,74222.57,0,,,,SVM prediction based on SMA features,"{'sma3': 74338.86666666667, 'sma10': 71708.778, 'momentum': 0.004237758248752342}"
2026-03-18T10:11:54.200833,BTC/USD,HOLD,74222.57,0,,,,SVM prediction based on SMA features,"{'sma3': 74338.86666666667, 'sma10': 71708.778, 'momentum': 0.004237758248752342}"
2026-03-18T10:12:04.451838,BTC/USD,HOLD,74228.78,0,,,,SVM prediction based on SMA features,"{'sma3': 74340.93666666666, 'sma10': 71709.399, 'momentum': 0.00432178008306388}"
2026-03-18T10:12:14.685499,BTC/USD,HOLD,74243.51,0,,,,SVM prediction based on SMA features,"{'sma3': 74345.84333333334, 'sma10': 71710.871, 'momentum': 0.004520942949580397}"
2026-03-18T10:12:24.967235,BTC/USD,HOLD,74261.97,0,,,,SVM prediction based on SMA features,"{'sma3': 74351.99666666666, 'sma10': 71712.71699999999, 'momentum': 0.004770708337888541}"
2026-03-18T10:12:35.198139,BTC/USD,HOLD,74247.28,0,,,,SVM prediction based on SMA features,"{'sma3': 74347.10666666667, 'sma10': 71711.25, 'momentum': 0.004572221975673893}"
2026-03-18T10:12:45.434223,BTC/USD,HOLD,74260.49,0,,,,SVM prediction based on SMA features,"{'sma3': 74351.50333333334, 'sma10': 71712.56899999999, 'momentum': 0.004750683810548425}"
2026-03-18T10:12:55.684188,BTC/USD,HOLD,74267.77,0,,,,SVM prediction based on SMA features,"{'sma3': 74353.93333333333, 'sma10': 71713.298, 'momentum': 0.004849318137783949}"
2026-03-18T10:13:05.954652,BTC/USD,HOLD,74247.28,0,,,,SVM prediction based on SMA features,"{'sma3': 74347.10333333333, 'sma10': 71711.249, 'momentum': 0.004572086674813559}"
2026-03-18T10:13:16.246181,BTC/USD,HOLD,74247.29,0,,,,SVM prediction based on SMA features,"{'sma3': 74347.10333333333, 'sma10': 71711.249, 'momentum': 0.004572086674813559}"
2026-03-18T10:13:24.744374,BTC/USD,HOLD,74243.83,0,,,,SVM prediction based on SMA features,"{'sma3': 74345.95333333332, 'sma10': 71710.904, 'momentum': 0.004525407877973793}"
2026-03-18T10:13:35.016385,BTC/USD,HOLD,74243.83,0,,,,SVM prediction based on SMA features,"{'sma3': 74345.95333333332, 'sma10': 71710.904, 'momentum': 0.004525407877973793}"
2026-03-18T10:13:45.315546,BTC/USD,HOLD,74248.77,0,,,,SVM prediction based on SMA features,"{'sma3': 74347.59999999999, 'sma10': 71711.398, 'momentum': 0.004592246503014009}"
2026-03-18T10:13:55.557230,BTC/USD,HOLD,74266.86,0,,,,SVM prediction based on SMA features,"{'sma3': 74353.63, 'sma10': 71713.207, 'momentum': 0.0048370057594870255}"
2026-03-18T10:14:05.823478,BTC/USD,HOLD,74253.54,0,,,,SVM prediction based on SMA features,"{'sma3': 74349.19, 'sma10': 71711.875, 'momentum': 0.004656785013427163}"
2026-03-18T10:14:16.097985,BTC/USD,HOLD,74253.0,0,,,,SVM prediction based on SMA features,"{'sma3': 74349.01, 'sma10': 71711.821, 'momentum': 0.004649478766965367}"
2026-03-18T10:14:26.340880,BTC/USD,HOLD,74261.27,0,,,,SVM prediction based on SMA features,"{'sma3': 74351.76666666666, 'sma10': 71712.648, 'momentum': 0.004761372578520548}"
2026-03-18T10:14:36.580791,BTC/USD,HOLD,74266.79,0,,,,SVM prediction based on SMA features,"{'sma3': 74353.60666666667, 'sma10': 71713.2, 'momentum': 0.004836058653464094}"
2026-03-18T10:14:46.818077,BTC/USD,HOLD,74266.8,0,,,,SVM prediction based on SMA features,"{'sma3': 74353.61, 'sma10': 71713.201, 'momentum': 0.004836193954324626}"
2026-03-18T10:14:57.075513,BTC/USD,HOLD,74259.36,0,,,,SVM prediction based on SMA features,"{'sma3': 74351.13333333333, 'sma10': 71712.458, 'momentum': 0.004735665415043436}"
2026-03-18T10:15:07.387378,BTC/USD,HOLD,74240.0,0,,,,SVM prediction based on SMA features,"{'sma3': 74344.67666666667, 'sma10': 71710.521, 'momentum': 0.004473587648438566}"
2026-03-18T10:15:17.635939,BTC/USD,HOLD,74240.0,0,,,,SVM prediction based on SMA features,"{'sma3': 74344.68, 'sma10': 71710.522, 'momentum': 0.0044737229492989}"
2026-03-18T10:15:27.903960,BTC/USD,HOLD,74240.0,0,,,,SVM prediction based on SMA features,"{'sma3': 74344.67666666667, 'sma10': 71710.521, 'momentum': 0.004473587648438566}"
2026-03-18T10:15:38.190252,BTC/USD,HOLD,74240.0,0,,,,SVM prediction based on SMA features,"{'sma3': 74344.67666666667, 'sma10': 71710.521, 'momentum': 0.004473587648438566}"
2026-03-18T10:15:48.457843,BTC/USD,HOLD,74245.86,0,,,,SVM prediction based on SMA features,"{'sma3': 74346.63, 'sma10': 71711.10699999999, 'momentum': 0.004552873952636039}"
2026-03-18T10:15:58.749592,BTC/USD,HOLD,74245.85,0,,,,SVM prediction based on SMA features,"{'sma3': 74346.62666666666, 'sma10': 71711.106, 'momentum': 0.004552738651775705}"
2026-03-18T10:17:15.910582,BTC/USD,HOLD,74227.78,0,,,,SVM prediction based on SMA features,"{'sma3': 74340.60333333333, 'sma10': 71709.299, 'momentum': 0.004308249997023357}"
2026-03-18T10:17:26.159535,BTC/USD,HOLD,74232.76,0,,,,SVM prediction based on SMA features,"{'sma3': 74342.26666666666, 'sma10': 71709.798, 'momentum': 0.004375765126365639}"
2026-03-18T10:17:36.408575,BTC/USD,HOLD,74232.77,0,,,,SVM prediction based on SMA features,"{'sma3': 74342.26666666666, 'sma10': 71709.798, 'momentum': 0.004375765126365639}"
2026-03-18T10:17:46.659463,BTC/USD,HOLD,74232.76,0,,,,SVM prediction based on SMA features,"{'sma3': 74342.26333333332, 'sma10': 71709.79699999999, 'momentum': 0.004375629825505108}"
2026-03-18T10:17:56.927915,BTC/USD,HOLD,74233.59,0,,,,SVM prediction based on SMA features,"{'sma3': 74342.53666666667, 'sma10': 71709.87899999999, 'momentum': 0.004386724496058431}"
2026-03-18T10:18:07.205101,BTC/USD,HOLD,74228.42,0,,,,SVM prediction based on SMA features,"{'sma3': 74340.81666666667, 'sma10': 71709.363, 'momentum': 0.004316909252089284}"
2026-03-18T10:18:17.466790,BTC/USD,HOLD,74213.55,0,,,,SVM prediction based on SMA features,"{'sma3': 74335.86333333333, 'sma10': 71707.87700000001, 'momentum': 0.004115852173527102}"
2026-03-18T10:18:27.728252,BTC/USD,HOLD,74222.42,0,,,,SVM prediction based on SMA features,"{'sma3': 74338.81666666667, 'sma10': 71708.763, 'momentum': 0.0042357287358461455}"
2026-03-18T10:18:38.069110,BTC/USD,HOLD,74226.21,0,,,,SVM prediction based on SMA features,"{'sma3': 74342.53, 'sma10': 71709.87700000001, 'momentum': 0.004386453894337565}"
2026-03-18T10:18:48.310040,BTC/USD,HOLD,74233.56,0,,,,SVM prediction based on SMA features,"{'sma3': 74342.53, 'sma10': 71709.87700000001, 'momentum': 0.004386453894337565}"
2026-03-18T10:18:58.583668,BTC/USD,HOLD,74234.51,0,,,,SVM prediction based on SMA features,"{'sma3': 74342.84666666666, 'sma10': 71709.972, 'momentum': 0.004399307476076023}"
2026-03-18T10:19:08.837603,BTC/USD,HOLD,74234.51,0,,,,SVM prediction based on SMA features,"{'sma3': 74342.84666666666, 'sma10': 71709.972, 'momentum': 0.004399307476076023}"
2026-03-18T10:19:19.066766,BTC/USD,HOLD,74248.83,0,,,,SVM prediction based on SMA features,"{'sma3': 74347.62, 'sma10': 71711.404, 'momentum': 0.004593058308176409}"
2026-03-18T10:19:29.346223,BTC/USD,HOLD,74248.83,0,,,,SVM prediction based on SMA features,"{'sma3': 74347.62, 'sma10': 71711.404, 'momentum': 0.004593058308176409}"
2026-03-18T10:19:39.597741,BTC/USD,HOLD,74248.82,0,,,,SVM prediction based on SMA features,"{'sma3': 74347.61666666667, 'sma10': 71711.403, 'momentum': 0.0045929230073160745}"
2026-03-18T10:19:49.904867,BTC/USD,HOLD,74248.83,0,,,,SVM prediction based on SMA features,"{'sma3': 74344.75666666667, 'sma10': 71710.545, 'momentum': 0.004476834869088363}"
2026-03-18T10:20:00.222994,BTC/USD,HOLD,74220.0,0,,,,SVM prediction based on SMA features,"{'sma3': 74338.01, 'sma10': 71708.521, 'momentum': 0.004202985927628103}"
2026-03-18T10:20:10.476170,BTC/USD,HOLD,74211.09,0,,,,SVM prediction based on SMA features,"{'sma3': 74335.04, 'sma10': 71707.62999999999, 'momentum': 0.004082432861006994}"
2026-03-18T10:20:20.740372,BTC/USD,HOLD,74211.09,0,,,,SVM prediction based on SMA features,"{'sma3': 74335.04333333333, 'sma10': 71707.631, 'momentum': 0.004082568161867525}"
2026-03-18T10:20:31.006391,BTC/USD,HOLD,74213.92,0,,,,SVM prediction based on SMA features,"{'sma3': 74335.98333333334, 'sma10': 71707.913, 'momentum': 0.004120723004501699}"
2026-03-18T10:20:41.253256,BTC/USD,HOLD,74209.22,0,,,,SVM prediction based on SMA features,"{'sma3': 74334.41666666667, 'sma10': 71707.443, 'momentum': 0.0040571316001112795}"
2026-03-18T10:20:51.543621,BTC/USD,HOLD,74209.22,0,,,,SVM prediction based on SMA features,"{'sma3': 74334.41666666667, 'sma10': 71707.443, 'momentum': 0.0040571316001112795}"
2026-03-18T10:21:01.827483,BTC/USD,HOLD,74208.98,0,,,,SVM prediction based on SMA features,"{'sma3': 74334.34000000001, 'sma10': 71707.42, 'momentum': 0.004054019680322014}"
2026-03-18T10:21:12.112567,BTC/USD,HOLD,74208.88,0,,,,SVM prediction based on SMA features,"{'sma3': 74334.30333333333, 'sma10': 71707.409, 'momentum': 0.0040525313708575485}"
2026-03-18T10:21:22.418719,BTC/USD,HOLD,74213.17,0,,,,SVM prediction based on SMA features,"{'sma3': 74335.73333333334, 'sma10': 71707.838, 'momentum': 0.004110575439971306}"
2026-03-18T10:21:32.708877,BTC/USD,HOLD,74213.16,0,,,,SVM prediction based on SMA features,"{'sma3': 74335.73, 'sma10': 71707.837, 'momentum': 0.004110440139110972}"
2026-03-18T10:21:43.005433,BTC/USD,HOLD,74213.17,0,,,,SVM prediction based on SMA features,"{'sma3': 74335.73333333334, 'sma10': 71707.838, 'momentum': 0.004110575439971306}"
2026-03-18T10:21:53.268744,BTC/USD,HOLD,74213.16,0,,,,SVM prediction based on SMA features,"{'sma3': 74335.73, 'sma10': 71707.837, 'momentum': 0.004110440139110972}"
2026-03-18T10:22:03.523933,BTC/USD,HOLD,74213.16,0,,,,SVM prediction based on SMA features,"{'sma3': 74335.73, 'sma10': 71707.837, 'momentum': 0.004110440139110972}"
2026-03-18T10:22:13.749187,BTC/USD,HOLD,74194.88,0,,,,SVM prediction based on SMA features,"{'sma3': 74329.63666666667, 'sma10': 71706.00899999999, 'momentum': 0.0038631101662902245}"
2026-03-18T10:22:24.010270,BTC/USD,HOLD,74196.94,0,,,,SVM prediction based on SMA features,"{'sma3': 74330.32333333333, 'sma10': 71706.215, 'momentum': 0.003890982143533671}"
2026-03-18T10:22:34.210061,BTC/USD,HOLD,74196.94,0,,,,SVM prediction based on SMA features,"{'sma3': 74330.32333333333, 'sma10': 71706.215, 'momentum': 0.003890982143533671}"
2026-03-18T10:22:44.470160,BTC/USD,HOLD,74196.94,0,,,,SVM prediction based on SMA features,"{'sma3': 74330.32333333333, 'sma10': 71706.215, 'momentum': 0.003890982143533671}"
2026-03-18T10:22:54.719430,BTC/USD,HOLD,74182.29,0,,,,SVM prediction based on SMA features,"{'sma3': 74325.43666666666, 'sma10': 71704.749, 'momentum': 0.003692631082179554}"
2026-03-18T10:23:05.019122,BTC/USD,HOLD,74185.48,0,,,,SVM prediction based on SMA features,"{'sma3': 74326.50333333334, 'sma10': 71705.06899999999, 'momentum': 0.003735927357509189}"
2026-03-18T10:23:15.280259,BTC/USD,HOLD,74185.48,0,,,,SVM prediction based on SMA features,"{'sma3': 74326.50333333334, 'sma10': 71705.06899999999, 'momentum': 0.003735927357509189}"
2026-03-18T10:23:25.519534,BTC/USD,HOLD,74185.48,0,,,,SVM prediction based on SMA features,"{'sma3': 74326.50333333334, 'sma10': 71705.06899999999, 'momentum': 0.003735927357509189}"
2026-03-18T10:23:35.737634,BTC/USD,HOLD,74196.2,0,,,,SVM prediction based on SMA features,"{'sma3': 74330.07666666666, 'sma10': 71706.14099999999, 'momentum': 0.0038809698798636127}"
2026-03-18T10:23:46.028729,BTC/USD,HOLD,74196.19,0,,,,SVM prediction based on SMA features,"{'sma3': 74330.07666666666, 'sma10': 71706.14099999999, 'momentum': 0.0038809698798636127}"
2026-03-18T10:23:56.324235,BTC/USD,HOLD,74182.28,0,,,,SVM prediction based on SMA features,"{'sma3': 74325.43666666666, 'sma10': 71704.749, 'momentum': 0.003692631082179554}"
2026-03-18T10:24:06.588462,BTC/USD,HOLD,74191.98,0,,,,SVM prediction based on SMA features,"{'sma3': 74328.67333333334, 'sma10': 71705.72, 'momentum': 0.0038240082176331206}"
2026-03-18T10:24:16.827430,BTC/USD,HOLD,74191.99,0,,,,SVM prediction based on SMA features,"{'sma3': 74328.67333333334, 'sma10': 71705.72, 'momentum': 0.0038240082176331206}"
2026-03-18T10:24:27.210869,BTC/USD,HOLD,74187.49,0,,,,SVM prediction based on SMA features,"{'sma3': 74327.17, 'sma10': 71705.269, 'momentum': 0.003762987529590235}"
2026-03-18T10:24:37.535928,BTC/USD,HOLD,74184.36,0,,,,SVM prediction based on SMA features,"{'sma3': 74326.13, 'sma10': 71704.957, 'momentum': 0.003720773661143866}"
2026-03-18T10:24:47.779779,BTC/USD,HOLD,74179.45,0,,,,SVM prediction based on SMA features,"{'sma3': 74324.49333333333, 'sma10': 71704.46599999999, 'momentum': 0.00365434093868485}"
2026-03-18T10:24:58.043069,BTC/USD,HOLD,74178.58,0,,,,SVM prediction based on SMA features,"{'sma3': 74324.2, 'sma10': 71704.378, 'momentum': 0.0036424344629693234}"
2026-03-18T10:25:08.330978,BTC/USD,HOLD,74178.58,0,,,,SVM prediction based on SMA features,"{'sma3': 74324.20333333332, 'sma10': 71704.37899999999, 'momentum': 0.003642569763829658}"
2026-03-18T10:25:18.586871,BTC/USD,HOLD,74192.41,0,,,,SVM prediction based on SMA features,"{'sma3': 74328.81333333334, 'sma10': 71705.762, 'momentum': 0.003829690853770117}"
2026-03-18T10:25:28.859858,BTC/USD,HOLD,74199.99,0,,,,SVM prediction based on SMA features,"{'sma3': 74331.34000000001, 'sma10': 71706.51999999999, 'momentum': 0.003932248905957306}"
2026-03-18T10:25:39.114987,BTC/USD,HOLD,74199.99,0,,,,SVM prediction based on SMA features,"{'sma3': 74331.34000000001, 'sma10': 71706.51999999999, 'momentum': 0.003932248905957306}"
2026-03-18T10:25:49.373493,BTC/USD,HOLD,74199.99,0,,,,SVM prediction based on SMA features,"{'sma3': 74331.34000000001, 'sma10': 71706.51999999999, 'momentum': 0.003932248905957306}"
2026-03-18T10:25:59.682189,BTC/USD,HOLD,74210.32,0,,,,SVM prediction based on SMA features,"{'sma3': 74334.78333333334, 'sma10': 71707.553, 'momentum': 0.004072014694755934}"
2026-03-18T10:26:09.943554,BTC/USD,HOLD,74210.33,0,,,,SVM prediction based on SMA features,"{'sma3': 74334.78666666667, 'sma10': 71707.55399999999, 'momentum': 0.004072149995616268}"
2026-03-18T10:26:20.221114,BTC/USD,HOLD,74210.32,0,,,,SVM prediction based on SMA features,"{'sma3': 74334.78333333334, 'sma10': 71707.553, 'momentum': 0.004072014694755934}"
2026-03-18T10:26:30.478913,BTC/USD,HOLD,74201.97,0,,,,SVM prediction based on SMA features,"{'sma3': 74332.0, 'sma10': 71706.718, 'momentum': 0.003959038476317486}"
2026-03-18T10:26:40.745247,BTC/USD,HOLD,74201.97,0,,,,SVM prediction based on SMA features,"{'sma3': 74332.0, 'sma10': 71706.718, 'momentum': 0.003959038476317486}"
2026-03-18T10:26:51.007438,BTC/USD,HOLD,74201.97,0,,,,SVM prediction based on SMA features,"{'sma3': 74332.0, 'sma10': 71706.718, 'momentum': 0.003959038476317486}"
2026-03-18T10:27:01.261090,BTC/USD,HOLD,74201.98,0,,,,SVM prediction based on SMA features,"{'sma3': 74332.00333333334, 'sma10': 71706.719, 'momentum': 0.003959173777177821}"
2026-03-18T10:27:11.540045,BTC/USD,HOLD,74201.97,0,,,,SVM prediction based on SMA features,"{'sma3': 74332.0, 'sma10': 71706.718, 'momentum': 0.003959038476317486}"
2026-03-18T10:27:21.803915,BTC/USD,HOLD,74178.57,0,,,,SVM prediction based on SMA features,"{'sma3': 74324.20333333332, 'sma10': 71704.37899999999, 'momentum': 0.003642569763829658}"
2026-03-18T10:27:32.130570,BTC/USD,HOLD,74178.57,0,,,,SVM prediction based on SMA features,"{'sma3': 74324.2, 'sma10': 71704.378, 'momentum': 0.0036424344629693234}"
2026-03-18T10:27:42.381159,BTC/USD,HOLD,74178.58,0,,,,SVM prediction based on SMA features,"{'sma3': 74324.20333333332, 'sma10': 71704.37899999999, 'momentum': 0.003642569763829658}"
2026-03-18T10:27:52.617691,BTC/USD,HOLD,74178.57,0,,,,SVM prediction based on SMA features,"{'sma3': 74324.2, 'sma10': 71704.378, 'momentum': 0.0036424344629693234}"
2026-03-18T10:28:02.857105,BTC/USD,HOLD,74187.48,0,,,,SVM prediction based on SMA features,"{'sma3': 74327.17, 'sma10': 71705.269, 'momentum': 0.003762987529590235}"
2026-03-18T10:28:13.163864,BTC/USD,HOLD,74187.47,0,,,,SVM prediction based on SMA features,"{'sma3': 74327.16666666667, 'sma10': 71705.268, 'momentum': 0.0037628522287299006}"
2026-03-18T10:28:23.421126,BTC/USD,HOLD,74187.48,0,,,,SVM prediction based on SMA features,"{'sma3': 74327.17, 'sma10': 71705.269, 'momentum': 0.003762987529590235}"
2026-03-18T10:28:33.653553,BTC/USD,HOLD,74185.05,0,,,,SVM prediction based on SMA features,"{'sma3': 74326.36, 'sma10': 71705.026, 'momentum': 0.0037301094205118585}"
2026-03-18T10:28:36.255248,BTC/USD,HOLD,74201.05,0,,,,SVM prediction based on SMA features,"{'sma3': 74326.35666666667, 'sma10': 71705.025, 'momentum': 0.003729974119651327}"
2026-03-18T10:28:43.911023,BTC/USD,HOLD,74192.4,0,,,,SVM prediction based on SMA features,"{'sma3': 74328.81, 'sma10': 71705.761, 'momentum': 0.0038295555529095854}"
2026-03-18T10:28:46.508983,BTC/USD,HOLD,74192.41,0,,,,SVM prediction based on SMA features,"{'sma3': 74328.81333333334, 'sma10': 71705.762, 'momentum': 0.003829690853770117}"
2026-03-18T10:28:54.173133,BTC/USD,HOLD,74202.87,0,,,,SVM prediction based on SMA features,"{'sma3': 74332.3, 'sma10': 71706.80799999999, 'momentum': 0.003971215553753879}"
2026-03-18T10:28:56.758430,BTC/USD,HOLD,74202.88,0,,,,SVM prediction based on SMA features,"{'sma3': 74332.30333333333, 'sma10': 71706.809, 'momentum': 0.00397135085461441}"
2026-03-18T10:29:04.412753,BTC/USD,HOLD,74190.74,0,,,,SVM prediction based on SMA features,"{'sma3': 74328.25666666667, 'sma10': 71705.595, 'momentum': 0.0038070956100824667}"
2026-03-18T10:29:06.962846,BTC/USD,HOLD,74190.75,0,,,,SVM prediction based on SMA features,"{'sma3': 74328.26, 'sma10': 71705.59599999999, 'momentum': 0.0038072309109428008}"
2026-03-18T10:29:14.632625,BTC/USD,HOLD,74190.74,0,,,,SVM prediction based on SMA features,"{'sma3': 74328.26, 'sma10': 71705.59599999999, 'momentum': 0.0038072309109428008}"
2026-03-18T10:29:17.188244,BTC/USD,HOLD,74185.63,0,,,,SVM prediction based on SMA features,"{'sma3': 74326.55333333333, 'sma10': 71705.084, 'momentum': 0.0037379568704153853}"
2026-03-18T10:29:24.889026,BTC/USD,HOLD,74185.63,0,,,,SVM prediction based on SMA features,"{'sma3': 74326.55333333333, 'sma10': 71705.084, 'momentum': 0.0037379568704153853}"
2026-03-18T10:29:27.392836,BTC/USD,HOLD,74185.62,0,,,,SVM prediction based on SMA features,"{'sma3': 74326.55, 'sma10': 71705.083, 'momentum': 0.0037378215695548543}"
2026-03-18T10:29:35.184805,BTC/USD,HOLD,74185.63,0,,,,SVM prediction based on SMA features,"{'sma3': 74326.55333333333, 'sma10': 71705.084, 'momentum': 0.0037379568704153853}"
2026-03-18T10:29:37.638660,BTC/USD,HOLD,74185.63,0,,,,SVM prediction based on SMA features,"{'sma3': 74326.55333333333, 'sma10': 71705.084, 'momentum': 0.0037379568704153853}"
2026-03-18T10:29:45.585792,BTC/USD,HOLD,74185.62,0,,,,SVM prediction based on SMA features,"{'sma3': 74326.55333333333, 'sma10': 71705.084, 'momentum': 0.0037379568704153853}"
2026-03-18T10:29:47.843682,BTC/USD,HOLD,74185.63,0,,,,SVM prediction based on SMA features,"{'sma3': 74326.55333333333, 'sma10': 71705.084, 'momentum': 0.0037379568704153853}"
2026-03-18T10:29:55.880495,BTC/USD,HOLD,74185.63,0,,,,SVM prediction based on SMA features,"{'sma3': 74326.55333333333, 'sma10': 71705.084, 'momentum': 0.0037379568704153853}"
2026-03-18T10:29:58.097250,BTC/USD,HOLD,74185.63,0,,,,SVM prediction based on SMA features,"{'sma3': 74326.55333333333, 'sma10': 71705.084, 'momentum': 0.0037379568704153853}"
2026-03-18T10:30:06.151412,BTC/USD,HOLD,74176.12,0,,,,SVM prediction based on SMA features,"{'sma3': 74323.38333333333, 'sma10': 71704.133, 'momentum': 0.0036092857521698844}"
2026-03-18T10:30:08.361339,BTC/USD,HOLD,74177.47,0,,,,SVM prediction based on SMA features,"{'sma3': 74323.83333333333, 'sma10': 71704.268, 'momentum': 0.0036275513683246695}"
2026-03-18T10:30:16.612110,BTC/USD,HOLD,74179.7,0,,,,SVM prediction based on SMA features,"{'sma3': 74324.57666666666, 'sma10': 71704.491, 'momentum': 0.003657723460194981}"
2026-03-18T10:30:18.615376,BTC/USD,HOLD,74185.6,0,,,,SVM prediction based on SMA features,"{'sma3': 74326.54666666668, 'sma10': 71705.082, 'momentum': 0.00373768626869452}"
2026-03-18T10:30:26.900666,BTC/USD,HOLD,74188.09,0,,,,SVM prediction based on SMA features,"{'sma3': 74327.37333333334, 'sma10': 71705.32999999999, 'momentum': 0.003771240882074962}"
2026-03-18T10:30:28.871090,BTC/USD,HOLD,74188.08,0,,,,SVM prediction based on SMA features,"{'sma3': 74327.37333333334, 'sma10': 71705.32999999999, 'momentum': 0.003771240882074962}"
2026-03-18T10:30:37.138436,BTC/USD,HOLD,74194.62,0,,,,SVM prediction based on SMA features,"{'sma3': 74329.54666666668, 'sma10': 71705.98199999999, 'momentum': 0.0038594570430592282}"
2026-03-18T10:30:39.167675,BTC/USD,HOLD,74194.62,0,,,,SVM prediction based on SMA features,"{'sma3': 74329.54666666668, 'sma10': 71705.98199999999, 'momentum': 0.0038594570430592282}"
2026-03-18T10:30:47.459078,BTC/USD,HOLD,74199.49,0,,,,SVM prediction based on SMA features,"{'sma3': 74331.17333333334, 'sma10': 71706.47, 'momentum': 0.003925483862937044}"
2026-03-18T10:30:49.414254,BTC/USD,HOLD,74199.48,0,,,,SVM prediction based on SMA features,"{'sma3': 74331.17, 'sma10': 71706.469, 'momentum': 0.003925348562076513}"
2026-03-18T10:30:57.737576,BTC/USD,HOLD,74199.49,0,,,,SVM prediction based on SMA features,"{'sma3': 74331.17333333334, 'sma10': 71706.47, 'momentum': 0.003925483862937044}"
2026-03-18T10:30:59.649872,BTC/USD,HOLD,74199.5,0,,,,SVM prediction based on SMA features,"{'sma3': 74331.17333333334, 'sma10': 71706.47, 'momentum': 0.003925483862937044}"
2026-03-18T10:31:08.000588,BTC/USD,HOLD,74211.06,0,,,,SVM prediction based on SMA features,"{'sma3': 74335.03, 'sma10': 71707.62700000001, 'momentum': 0.004082026958425794}"
2026-03-18T10:31:09.902345,BTC/USD,HOLD,74211.05,0,,,,SVM prediction based on SMA features,"{'sma3': 74335.03, 'sma10': 71707.62700000001, 'momentum': 0.004082026958425794}"
2026-03-18T10:31:18.267831,BTC/USD,HOLD,74204.64,0,,,,SVM prediction based on SMA features,"{'sma3': 74332.89, 'sma10': 71706.985, 'momentum': 0.003995163806045659}"
2026-03-18T10:31:20.131640,BTC/USD,HOLD,74204.64,0,,,,SVM prediction based on SMA features,"{'sma3': 74332.55, 'sma10': 71706.883, 'momentum': 0.003981363118284271}"
2026-03-18T10:31:28.541679,BTC/USD,HOLD,74203.63,0,,,,SVM prediction based on SMA features,"{'sma3': 74332.55333333333, 'sma10': 71706.88399999999, 'momentum': 0.003981498419144802}"
2026-03-18T10:31:30.386607,BTC/USD,HOLD,74203.63,0,,,,SVM prediction based on SMA features,"{'sma3': 74332.55333333333, 'sma10': 71706.88399999999, 'momentum': 0.003981498419144802}"
2026-03-18T10:31:38.812762,BTC/USD,HOLD,74203.62,0,,,,SVM prediction based on SMA features,"{'sma3': 74332.55, 'sma10': 71706.883, 'momentum': 0.003981363118284271}"
2026-03-18T10:31:40.609142,BTC/USD,HOLD,74203.62,0,,,,SVM prediction based on SMA features,"{'sma3': 74332.55, 'sma10': 71706.883, 'momentum': 0.003981363118284271}"
2026-03-18T10:31:49.090096,BTC/USD,HOLD,74176.62,0,,,,SVM prediction based on SMA features,"{'sma3': 74323.55333333333, 'sma10': 71704.184, 'momentum': 0.003616186096050677}"
2026-03-18T10:31:50.932620,BTC/USD,HOLD,74176.62,0,,,,SVM prediction based on SMA features,"{'sma3': 74323.55, 'sma10': 71704.18299999999, 'momentum': 0.003616050795190146}"
2026-03-18T10:31:59.332359,BTC/USD,HOLD,74176.12,0,,,,SVM prediction based on SMA features,"{'sma3': 74323.38333333333, 'sma10': 71704.133, 'momentum': 0.0036092857521698844}"
2026-03-18T10:32:01.193686,BTC/USD,HOLD,74176.11,0,,,,SVM prediction based on SMA features,"{'sma3': 74323.38, 'sma10': 71704.132, 'momentum': 0.00360915045130955}"
2026-03-18T10:32:09.557809,BTC/USD,HOLD,74150.0,0,,,,SVM prediction based on SMA features,"{'sma3': 74309.08666666667, 'sma10': 71699.844, 'momentum': 0.0030289803618918543}"
2026-03-18T10:32:11.406872,BTC/USD,HOLD,74136.46,0,,,,SVM prediction based on SMA features,"{'sma3': 74309.08666666667, 'sma10': 71699.844, 'momentum': 0.0030289803618918543}"
2026-03-18T10:32:19.819742,BTC/USD,HOLD,74152.48,0,,,,SVM prediction based on SMA features,"{'sma3': 74314.84000000001, 'sma10': 71701.56999999999, 'momentum': 0.00326250964695141}"
2026-03-18T10:32:21.848230,BTC/USD,HOLD,74150.5,0,,,,SVM prediction based on SMA features,"{'sma3': 74314.52666666667, 'sma10': 71701.476, 'momentum': 0.0032497913660732864}"
2026-03-18T10:32:30.046853,BTC/USD,HOLD,74129.67,0,,,,SVM prediction based on SMA features,"{'sma3': 74307.90333333334, 'sma10': 71699.48899999999, 'momentum': 0.0029809485564479578}"
2026-03-18T10:32:32.191386,BTC/USD,HOLD,74129.68,0,,,,SVM prediction based on SMA features,"{'sma3': 74307.90333333334, 'sma10': 71699.48899999999, 'momentum': 0.0029809485564479578}"
2026-03-18T10:32:40.415030,BTC/USD,HOLD,74125.39,0,,,,SVM prediction based on SMA features,"{'sma3': 74306.47333333333, 'sma10': 71699.06, 'momentum': 0.0029229044873342}"
2026-03-18T10:32:42.446873,BTC/USD,HOLD,74125.39,0,,,,SVM prediction based on SMA features,"{'sma3': 74306.47333333333, 'sma10': 71699.06, 'momentum': 0.0029229044873342}"
2026-03-18T10:32:50.660173,BTC/USD,HOLD,74145.12,0,,,,SVM prediction based on SMA features,"{'sma3': 74313.05333333333, 'sma10': 71701.034, 'momentum': 0.003189988385774198}"
2026-03-18T10:32:52.760781,BTC/USD,HOLD,74145.12,0,,,,SVM prediction based on SMA features,"{'sma3': 74313.05, 'sma10': 71701.033, 'momentum': 0.0031898530849136667}"
2026-03-18T10:33:00.897990,BTC/USD,HOLD,74139.16,0,,,,SVM prediction based on SMA features,"{'sma3': 74311.06333333334, 'sma10': 71700.437, 'momentum': 0.003109213772112259}"
2026-03-18T10:33:03.011152,BTC/USD,HOLD,74139.15,0,,,,SVM prediction based on SMA features,"{'sma3': 74311.06, 'sma10': 71700.436, 'momentum': 0.0031090784712517277}"
2026-03-18T10:33:11.147463,BTC/USD,HOLD,74149.21,0,,,,SVM prediction based on SMA features,"{'sma3': 74314.40999999999, 'sma10': 71701.44099999999, 'momentum': 0.003245055835959025}"
2026-03-18T10:33:13.275281,BTC/USD,HOLD,74149.21,0,,,,SVM prediction based on SMA features,"{'sma3': 74314.41333333333, 'sma10': 71701.442, 'momentum': 0.003245191136819556}"
2026-03-18T10:33:21.383098,BTC/USD,HOLD,74156.44,0,,,,SVM prediction based on SMA features,"{'sma3': 74316.82333333333, 'sma10': 71702.165, 'momentum': 0.0033430136588924833}"
2026-03-18T10:33:23.522819,BTC/USD,HOLD,74156.43,0,,,,SVM prediction based on SMA features,"{'sma3': 74316.25, 'sma10': 71701.99299999999, 'momentum': 0.0033197419109027675}"
2026-03-18T10:33:31.626803,BTC/USD,HOLD,74150.5,0,,,,SVM prediction based on SMA features,"{'sma3': 74314.84333333334, 'sma10': 71701.571, 'momentum': 0.0032626449478117443}"
2026-03-18T10:33:33.732666,BTC/USD,HOLD,74150.49,0,,,,SVM prediction based on SMA features,"{'sma3': 74314.84000000001, 'sma10': 71701.56999999999, 'momentum': 0.00326250964695141}"
2026-03-18T10:33:41.864448,BTC/USD,HOLD,74150.49,0,,,,SVM prediction based on SMA features,"{'sma3': 74314.84000000001, 'sma10': 71701.56999999999, 'momentum': 0.00326250964695141}"
2026-03-18T10:33:43.995542,BTC/USD,HOLD,74134.93,0,,,,SVM prediction based on SMA features,"{'sma3': 74309.65333333334, 'sma10': 71700.014, 'momentum': 0.003051981508160704}"
2026-03-18T10:33:54.232020,BTC/USD,HOLD,74142.21,0,,,,SVM prediction based on SMA features,"{'sma3': 74312.08, 'sma10': 71700.742, 'momentum': 0.003150480534535894}"
2026-03-18T11:01:08.670240,BTC/USD,HOLD,73916.0,0,,,,SVM prediction based on SMA features,"{'sma3': 74238.56333333334, 'sma10': 71678.687, 'momentum': 0.00016642005829847412, 'entry': 0.0, 'sl': 0.0, 'tp': 0.0, 'pos': 0.0}"
2026-03-18T11:01:18.920256,BTC/USD,HOLD,73922.09,0,,,,SVM prediction based on SMA features,"{'sma3': 74238.70666666667, 'sma10': 71678.73, 'momentum': 0.00017223799529580457, 'entry': 0.0, 'sl': 0.0, 'tp': 0.0, 'pos': 0.0}"
2026-03-18T11:01:29.206284,BTC/USD,HOLD,73927.96,0,,,,SVM prediction based on SMA features,"{'sma3': 74240.66333333333, 'sma10': 71679.317, 'momentum': 0.0002516596003538093, 'entry': 0.0, 'sl': 0.0, 'tp': 0.0, 'pos': 0.0}"
2026-03-18T11:01:39.500732,BTC/USD,HOLD,73934.23,0,,,,SVM prediction based on SMA features,"{'sma3': 74242.75, 'sma10': 71679.943, 'momentum': 0.00033635793896741334, 'entry': 0.0, 'sl': 0.0, 'tp': 0.0, 'pos': 0.0}"
2026-03-18T11:01:49.737659,BTC/USD,HOLD,73947.53,0,,,,SVM prediction based on SMA features,"{'sma3': 74247.19, 'sma10': 71681.275, 'momentum': 0.0005165786850270793, 'entry': 0.0, 'sl': 0.0, 'tp': 0.0, 'pos': 0.0}"
2026-03-18T11:02:00.012736,BTC/USD,HOLD,73941.35,0,,,,SVM prediction based on SMA features,"{'sma3': 74245.12666666666, 'sma10': 71680.65599999999, 'momentum': 0.0004328274524364064, 'entry': 0.0, 'sl': 0.0, 'tp': 0.0, 'pos': 0.0}"
2026-03-18T11:02:10.280138,BTC/USD,HOLD,73941.35,0,,,,SVM prediction based on SMA features,"{'sma3': 74245.12666666666, 'sma10': 71680.65599999999, 'momentum': 0.0004328274524364064, 'entry': 0.0, 'sl': 0.0, 'tp': 0.0, 'pos': 0.0}"
2026-03-18T11:02:20.541039,BTC/USD,HOLD,73949.83,0,,,,SVM prediction based on SMA features,"{'sma3': 74247.95333333332, 'sma10': 71681.50399999999, 'momentum': 0.0005475625820599876, 'entry': 0.0, 'sl': 0.0, 'tp': 0.0, 'pos': 0.0}"
2026-03-18T11:02:30.807455,BTC/USD,HOLD,73949.83,0,,,,SVM prediction based on SMA features,"{'sma3': 74247.95333333332, 'sma10': 71681.50399999999, 'momentum': 0.0005475625820599876, 'entry': 0.0, 'sl': 0.0, 'tp': 0.0, 'pos': 0.0}"
2026-03-18T11:02:41.064970,BTC/USD,HOLD,73949.82,0,,,,SVM prediction based on SMA features,"{'sma3': 74247.95, 'sma10': 71681.503, 'momentum': 0.0005474272811996533, 'entry': 0.0, 'sl': 0.0, 'tp': 0.0, 'pos': 0.0}"
2026-03-18T11:02:51.370841,BTC/USD,HOLD,73949.83,0,,,,SVM prediction based on SMA features,"{'sma3': 74247.95333333332, 'sma10': 71681.50399999999, 'momentum': 0.0005475625820599876, 'entry': 0.0, 'sl': 0.0, 'tp': 0.0, 'pos': 0.0}"
2026-03-18T11:03:01.631145,BTC/USD,HOLD,73870.01,0,,,,SVM prediction based on SMA features,"{'sma3': 74218.58666666667, 'sma10': 71672.69399999999, 'momentum': -0.0006444379981101805, 'entry': 0.0, 'sl': 0.0, 'tp': 0.0, 'pos': 0.0}"
2026-03-18T11:03:11.885921,BTC/USD,HOLD,73810.22,0,,,,SVM prediction based on SMA features,"{'sma3': 74203.54, 'sma10': 71668.18, 'momentum': -0.0012551860819793876, 'entry': 0.0, 'sl': 0.0, 'tp': 0.0, 'pos': 0.0}"
2026-03-18T11:03:22.170382,BTC/USD,HOLD,73855.57,0,,,,SVM prediction based on SMA features,"{'sma3': 74216.53666666667, 'sma10': 71672.079, 'momentum': -0.0007276480272593192, 'entry': 0.0, 'sl': 0.0, 'tp': 0.0, 'pos': 0.0}"
2026-03-18T11:03:32.401447,BTC/USD,HOLD,73892.0,0,,,,SVM prediction based on SMA features,"{'sma3': 74228.67666666667, 'sma10': 71675.72099999999, 'momentum': -0.00023488229366348974, 'entry': 0.0, 'sl': 0.0, 'tp': 0.0, 'pos': 0.0}"
2026-03-18T11:03:42.724624,BTC/USD,HOLD,73885.74,0,,,,SVM prediction based on SMA features,"{'sma3': 74226.59000000001, 'sma10': 71675.095, 'momentum': -0.00031958063227709377, 'entry': 0.0, 'sl': 0.0, 'tp': 0.0, 'pos': 0.0}"
2026-03-18T11:03:52.945252,BTC/USD,HOLD,73894.45,0,,,,SVM prediction based on SMA features,"{'sma3': 74229.49333333333, 'sma10': 71675.96599999999, 'momentum': -0.0002017335828642474, 'entry': 0.0, 'sl': 0.0, 'tp': 0.0, 'pos': 0.0}"
2026-03-18T11:04:03.187136,BTC/USD,HOLD,73862.43,0,,,,SVM prediction based on SMA features,"{'sma3': 74218.82333333333, 'sma10': 71672.76499999998, 'momentum': -0.0006348316370213225, 'entry': 0.0, 'sl': 0.0, 'tp': 0.0, 'pos': 0.0}"
2026-03-18T11:04:13.467447,BTC/USD,HOLD,73845.63,0,,,,SVM prediction based on SMA features,"{'sma3': 74213.22, 'sma10': 71671.084, 'momentum': -0.0008622723833624852, 'entry': 0.0, 'sl': 0.0, 'tp': 0.0, 'pos': 0.0}"
2026-03-18T11:04:23.742666,BTC/USD,HOLD,73845.64,0,,,,SVM prediction based on SMA features,"{'sma3': 74213.22, 'sma10': 71671.084, 'momentum': -0.0008622723833624852, 'entry': 0.0, 'sl': 0.0, 'tp': 0.0, 'pos': 0.0}"
2026-03-18T11:04:33.978568,BTC/USD,HOLD,73817.07,0,,,,SVM prediction based on SMA features,"{'sma3': 74201.70333333332, 'sma10': 71667.62899999999, 'momentum': -0.0013297368560625993, 'entry': 0.0, 'sl': 0.0, 'tp': 0.0, 'pos': 0.0}"
2026-03-18T11:04:44.259954,BTC/USD,HOLD,73818.08,0,,,,SVM prediction based on SMA features,"{'sma3': 74204.03666666667, 'sma10': 71668.329, 'momentum': -0.0012350262537789373, 'entry': 0.0, 'sl': 0.0, 'tp': 0.0, 'pos': 0.0}"
2026-03-18T11:04:54.526662,BTC/USD,HOLD,73828.02,0,,,,SVM prediction based on SMA features,"{'sma3': 74207.35333333333, 'sma10': 71669.324, 'momentum': -0.0011004018976757714, 'entry': 0.0, 'sl': 0.0, 'tp': 0.0, 'pos': 0.0}"
2026-03-18T11:05:04.812337,BTC/USD,HOLD,73834.72,0,,,,SVM prediction based on SMA features,"{'sma3': 74209.58333333333, 'sma10': 71669.99299999999, 'momentum': -0.00100988562206464, 'entry': 0.0, 'sl': 0.0, 'tp': 0.0, 'pos': 0.0}"
2026-03-18T11:05:15.080632,BTC/USD,HOLD,73812.87,0,,,,SVM prediction based on SMA features,"{'sma3': 74202.3, 'sma10': 71667.80799999999, 'momentum': -0.0013055180020501494, 'entry': 0.0, 'sl': 0.0, 'tp': 0.0, 'pos': 0.0}"
2026-03-18T11:05:25.397920,BTC/USD,HOLD,73818.04,0,,,,SVM prediction based on SMA features,"{'sma3': 74204.02, 'sma10': 71668.324, 'momentum': -0.001235702758081003, 'entry': 0.0, 'sl': 0.0, 'tp': 0.0, 'pos': 0.0}"
2026-03-18T11:05:35.695740,BTC/USD,HOLD,73814.4,0,,,,SVM prediction based on SMA features,"{'sma3': 74202.80666666666, 'sma10': 71667.95999999999, 'momentum': -0.0012849522712684992, 'entry': 0.0, 'sl': 0.0, 'tp': 0.0, 'pos': 0.0}"
2026-03-18T11:05:45.939692,BTC/USD,HOLD,73825.04,0,,,,SVM prediction based on SMA features,"{'sma3': 74206.35333333333, 'sma10': 71669.024, 'momentum': -0.0011409921557973407, 'entry': 0.0, 'sl': 0.0, 'tp': 0.0, 'pos': 0.0}"
2026-03-18T11:05:56.268373,BTC/USD,HOLD,73825.03,0,,,,SVM prediction based on SMA features,"{'sma3': 74206.35333333333, 'sma10': 71669.024, 'momentum': -0.0011409921557973407, 'entry': 0.0, 'sl': 0.0, 'tp': 0.0, 'pos': 0.0}"
2026-03-18T11:06:06.518010,BTC/USD,HOLD,73810.01,0,,,,SVM prediction based on SMA features,"{'sma3': 74201.34666666666, 'sma10': 71667.522, 'momentum': -0.0013442140481260535, 'entry': 0.0, 'sl': 0.0, 'tp': 0.0, 'pos': 0.0}"
2026-03-18T11:06:16.757568,BTC/USD,HOLD,73810.01,0,,,,SVM prediction based on SMA features,"{'sma3': 74201.15000000001, 'sma10': 71667.463, 'momentum': -0.001352196798889915, 'entry': 0.0, 'sl': 0.0, 'tp': 0.0, 'pos': 0.0}"
2026-03-18T11:06:27.027351,BTC/USD,HOLD,73803.25,0,,,,SVM prediction based on SMA features,"{'sma3': 74199.09000000001, 'sma10': 71666.845, 'momentum': -0.0014358127306202536, 'entry': 0.0, 'sl': 0.0, 'tp': 0.0, 'pos': 0.0}"
2026-03-18T11:06:37.337348,BTC/USD,HOLD,73759.18,0,,,,SVM prediction based on SMA features,"{'sma3': 74184.40333333334, 'sma10': 71662.43899999998, 'momentum': -0.002031948321565869, 'entry': 0.0, 'sl': 0.0, 'tp': 0.0, 'pos': 0.0}"
2026-03-18T11:06:47.628189,BTC/USD,HOLD,73773.84,0,,,,SVM prediction based on SMA features,"{'sma3': 74189.29333333333, 'sma10': 71663.90599999999, 'momentum': -0.001833461959351221, 'entry': 0.0, 'sl': 0.0, 'tp': 0.0, 'pos': 0.0}"
2026-03-18T11:06:57.962053,BTC/USD,HOLD,73763.55,0,,,,SVM prediction based on SMA features,"{'sma3': 74185.86, 'sma10': 71662.876, 'momentum': -0.001972821845568649, 'entry': 0.0, 'sl': 0.0, 'tp': 0.0, 'pos': 0.0}"
2026-03-18T11:07:08.255277,BTC/USD,HOLD,73763.56,0,,,,SVM prediction based on SMA features,"{'sma3': 74185.86333333333, 'sma10': 71662.87700000001, 'momentum': -0.0019726865447083144, 'entry': 0.0, 'sl': 0.0, 'tp': 0.0, 'pos': 0.0}"
2026-03-18T11:07:18.522561,BTC/USD,HOLD,73758.0,0,,,,SVM prediction based on SMA features,"{'sma3': 74184.01, 'sma10': 71662.321, 'momentum': -0.0020479138230935917, 'entry': 0.0, 'sl': 0.0, 'tp': 0.0, 'pos': 0.0}"
2026-03-18T11:07:28.770212,BTC/USD,HOLD,73751.01,0,,,,SVM prediction based on SMA features,"{'sma3': 74181.68, 'sma10': 71661.622, 'momentum': -0.0021424891245169194, 'entry': 0.0, 'sl': 0.0, 'tp': 0.0, 'pos': 0.0}"
2026-03-18T11:07:39.038501,BTC/USD,HOLD,73740.55,0,,,,SVM prediction based on SMA features,"{'sma3': 74178.19333333334, 'sma10': 71660.576, 'momentum': -0.0022840138245006814, 'entry': 0.0, 'sl': 0.0, 'tp': 0.0, 'pos': 0.0}"
2026-03-18T11:07:49.304211,BTC/USD,HOLD,73803.24,0,,,,SVM prediction based on SMA features,"{'sma3': 74199.09000000001, 'sma10': 71666.845, 'momentum': -0.0014358127306202536, 'entry': 0.0, 'sl': 0.0, 'tp': 0.0, 'pos': 0.0}"
2026-03-18T11:07:59.576798,BTC/USD,HOLD,73814.38,0,,,,SVM prediction based on SMA features,"{'sma3': 74202.80333333333, 'sma10': 71667.959, 'momentum': -0.0012850875721288335, 'entry': 0.0, 'sl': 0.0, 'tp': 0.0, 'pos': 0.0}"
2026-03-18T11:08:09.884197,BTC/USD,HOLD,73837.43,0,,,,SVM prediction based on SMA features,"{'sma3': 74210.48333333334, 'sma10': 71670.263, 'momentum': -0.0009733543897552669, 'entry': 0.0, 'sl': 0.0, 'tp': 0.0, 'pos': 0.0}"
2026-03-18T11:08:20.145649,BTC/USD,HOLD,73834.0,0,,,,SVM prediction based on SMA features,"{'sma3': 74209.34000000001, 'sma10': 71669.92, 'momentum': -0.0010197625848741667, 'entry': 0.0, 'sl': 0.0, 'tp': 0.0, 'pos': 0.0}"
2026-03-18T11:08:30.402168,BTC/USD,HOLD,73843.66,0,,,,SVM prediction based on SMA features,"{'sma3': 74212.56333333334, 'sma10': 71670.887, 'momentum': -0.0008889266528623315, 'entry': 0.0, 'sl': 0.0, 'tp': 0.0, 'pos': 0.0}"
2026-03-18T11:08:40.661094,BTC/USD,HOLD,73856.38,0,,,,SVM prediction based on SMA features,"{'sma3': 74216.80333333333, 'sma10': 71672.159, 'momentum': -0.0007168239584268613, 'entry': 0.0, 'sl': 0.0, 'tp': 0.0, 'pos': 0.0}"
2026-03-18T11:08:50.932650,BTC/USD,HOLD,73856.61,0,,,,SVM prediction based on SMA features,"{'sma3': 74217.97666666667, 'sma10': 71672.511, 'momentum': -0.0006691980555643616, 'entry': 0.0, 'sl': 0.0, 'tp': 0.0, 'pos': 0.0}"
2026-03-18T11:09:01.182377,BTC/USD,HOLD,73872.54,0,,,,SVM prediction based on SMA features,"{'sma3': 74222.19, 'sma10': 71673.775, 'momentum': -0.0004981777680121568, 'entry': 0.0, 'sl': 0.0, 'tp': 0.0, 'pos': 0.0}"
2026-03-18T11:09:11.441056,BTC/USD,HOLD,73872.53,0,,,,SVM prediction based on SMA features,"{'sma3': 74222.18666666666, 'sma10': 71673.774, 'momentum': -0.0004983130688724912, 'entry': 0.0, 'sl': 0.0, 'tp': 0.0, 'pos': 0.0}"
2026-03-18T11:09:21.689630,BTC/USD,HOLD,73879.05,0,,,,SVM prediction based on SMA features,"{'sma3': 74224.36333333333, 'sma10': 71674.427, 'momentum': -0.00040996160702789076, 'entry': 0.0, 'sl': 0.0, 'tp': 0.0, 'pos': 0.0}"
2026-03-18T11:09:31.973921,BTC/USD,HOLD,73894.04,0,,,,SVM prediction based on SMA features,"{'sma3': 74229.35666666667, 'sma10': 71675.925, 'momentum': -0.00020728091814090915, 'entry': 0.0, 'sl': 0.0, 'tp': 0.0, 'pos': 0.0}"
2026-03-18T11:09:42.258318,BTC/USD,HOLD,73903.42,0,,,,SVM prediction based on SMA features,"{'sma3': 74232.48333333334, 'sma10': 71676.863, 'momentum': -8.036871108073901e-05, 'entry': 0.0, 'sl': 0.0, 'tp': 0.0, 'pos': 0.0}"
2026-03-18T11:09:52.531606,BTC/USD,HOLD,73927.92,0,,,,SVM prediction based on SMA features,"{'sma3': 74240.65000000001, 'sma10': 71679.313, 'momentum': 0.0002511183969120781, 'entry': 0.0, 'sl': 0.0, 'tp': 0.0, 'pos': 0.0}"
2026-03-18T11:10:02.786727,BTC/USD,HOLD,73948.0,0,,,,SVM prediction based on SMA features,"{'sma3': 74247.34333333334, 'sma10': 71681.321, 'momentum': 0.0005228025246058065, 'entry': 0.0, 'sl': 0.0, 'tp': 0.0, 'pos': 0.0}"
2026-03-18T11:10:13.045163,BTC/USD,HOLD,73965.99,0,,,,SVM prediction based on SMA features,"{'sma3': 74254.56999999999, 'sma10': 71683.48899999999, 'momentum': 0.000816134789964254, 'entry': 0.0, 'sl': 0.0, 'tp': 0.0, 'pos': 0.0}"
2026-03-18T11:10:23.334618,BTC/USD,HOLD,73972.25,0,,,,SVM prediction based on SMA features,"{'sma3': 74255.42666666667, 'sma10': 71683.746, 'momentum': 0.0008509071110884929, 'entry': 0.0, 'sl': 0.0, 'tp': 0.0, 'pos': 0.0}"
2026-03-18T11:10:33.646972,BTC/USD,HOLD,74034.92,0,,,,SVM prediction based on SMA features,"{'sma3': 74276.31666666667, 'sma10': 71690.013, 'momentum': 0.0016988376032480552, 'entry': 0.0, 'sl': 0.0, 'tp': 0.0, 'pos': 0.0}"
2026-03-18T11:10:43.952531,BTC/USD,HOLD,74066.66,0,,,,SVM prediction based on SMA features,"{'sma3': 74286.89666666667, 'sma10': 71693.187, 'momentum': 0.0021282825341743306, 'entry': 0.0, 'sl': 0.0, 'tp': 0.0, 'pos': 0.0}"
2026-03-18T11:10:54.220435,BTC/USD,HOLD,73988.71,0,,,,SVM prediction based on SMA features,"{'sma3': 74260.91333333333, 'sma10': 71685.39199999999, 'momentum': 0.0010736123273155907, 'entry': 0.0, 'sl': 0.0, 'tp': 0.0, 'pos': 0.0}"
2026-03-18T11:11:04.510309,BTC/USD,HOLD,73962.28,0,,,,SVM prediction based on SMA features,"{'sma3': 74252.10333333333, 'sma10': 71682.749, 'momentum': 0.0007160121532644614, 'entry': 0.0, 'sl': 0.0, 'tp': 0.0, 'pos': 0.0}"
2026-03-18T11:11:14.759859,BTC/USD,HOLD,73952.27,0,,,,SVM prediction based on SMA features,"{'sma3': 74248.76333333332, 'sma10': 71681.747, 'momentum': 0.0005804406911383643, 'entry': 0.0, 'sl': 0.0, 'tp': 0.0, 'pos': 0.0}"
2026-03-18T11:11:25.025347,BTC/USD,HOLD,73973.12,0,,,,SVM prediction based on SMA features,"{'sma3': 74255.71666666666, 'sma10': 71683.833, 'momentum': 0.000862678285943685, 'entry': 0.0, 'sl': 0.0, 'tp': 0.0, 'pos': 0.0}"
2026-03-18T11:11:35.299027,BTC/USD,HOLD,73982.71,0,,,,SVM prediction based on SMA features,"{'sma3': 74258.91333333333, 'sma10': 71684.79199999999, 'momentum': 0.0009924318110724518, 'entry': 0.0, 'sl': 0.0, 'tp': 0.0, 'pos': 0.0}"
2026-03-18T11:11:45.530275,BTC/USD,HOLD,73979.98,0,,,,SVM prediction based on SMA features,"{'sma3': 74258.00333333334, 'sma10': 71684.519, 'momentum': 0.0009554946761816818, 'entry': 0.0, 'sl': 0.0, 'tp': 0.0, 'pos': 0.0}"
2026-03-18T11:11:55.821734,BTC/USD,HOLD,73979.98,0,,,,SVM prediction based on SMA features,"{'sma3': 74258.00333333334, 'sma10': 71684.519, 'momentum': 0.0009554946761816818, 'entry': 0.0, 'sl': 0.0, 'tp': 0.0, 'pos': 0.0}"
2026-03-18T11:12:06.065546,BTC/USD,HOLD,73979.99,0,,,,SVM prediction based on SMA features,"{'sma3': 74258.00666666667, 'sma10': 71684.51999999999, 'momentum': 0.000955629977042213, 'entry': 0.0, 'sl': 0.0, 'tp': 0.0, 'pos': 0.0}"
2026-03-18T11:12:16.345983,BTC/USD,HOLD,73974.75,0,,,,SVM prediction based on SMA features,"{'sma3': 74256.26, 'sma10': 71683.996, 'momentum': 0.0008847323261898008, 'entry': 0.0, 'sl': 0.0, 'tp': 0.0, 'pos': 0.0}"
2026-03-18T11:12:26.585464,BTC/USD,HOLD,73964.84,0,,,,SVM prediction based on SMA features,"{'sma3': 74252.95666666667, 'sma10': 71683.00499999999, 'momentum': 0.0007506491735281692, 'entry': 0.0, 'sl': 0.0, 'tp': 0.0, 'pos': 0.0}"
2026-03-18T11:12:36.839098,BTC/USD,HOLD,73964.84,0,,,,SVM prediction based on SMA features,"{'sma3': 74252.95666666667, 'sma10': 71683.00499999999, 'momentum': 0.0007506491735281692, 'entry': 0.0, 'sl': 0.0, 'tp': 0.0, 'pos': 0.0}"
2026-03-18T11:12:47.090180,BTC/USD,HOLD,73964.85,0,,,,SVM prediction based on SMA features,"{'sma3': 74252.96, 'sma10': 71683.006, 'momentum': 0.0007507844743887004, 'entry': 0.0, 'sl': 0.0, 'tp': 0.0, 'pos': 0.0}"
2026-03-18T11:12:57.362620,BTC/USD,HOLD,73964.85,0,,,,SVM prediction based on SMA features,"{'sma3': 74252.96, 'sma10': 71683.006, 'momentum': 0.0007507844743887004, 'entry': 0.0, 'sl': 0.0, 'tp': 0.0, 'pos': 0.0}"
2026-03-18T11:13:07.636156,BTC/USD,HOLD,73964.85,0,,,,SVM prediction based on SMA features,"{'sma3': 74252.96, 'sma10': 71683.006, 'momentum': 0.0007507844743887004, 'entry': 0.0, 'sl': 0.0, 'tp': 0.0, 'pos': 0.0}"
2026-03-18T11:13:17.882389,BTC/USD,HOLD,73964.84,0,,,,SVM prediction based on SMA features,"{'sma3': 74252.96, 'sma10': 71683.006, 'momentum': 0.0007507844743887004, 'entry': 0.0, 'sl': 0.0, 'tp': 0.0, 'pos': 0.0}"
2026-03-18T11:13:28.157688,BTC/USD,HOLD,73954.0,0,,,,SVM prediction based on SMA features,"{'sma3': 74249.34333333334, 'sma10': 71681.921, 'momentum': 0.0006039830408489455, 'entry': 0.0, 'sl': 0.0, 'tp': 0.0, 'pos': 0.0}"
2026-03-18T11:13:38.427323,BTC/USD,HOLD,73974.42,0,,,,SVM prediction based on SMA features,"{'sma3': 74256.15333333334, 'sma10': 71683.96399999999, 'momentum': 0.0008804026986567389, 'entry': 0.0, 'sl': 0.0, 'tp': 0.0, 'pos': 0.0}"
2026-03-18T11:13:48.690595,BTC/USD,HOLD,73968.38,0,,,,SVM prediction based on SMA features,"{'sma3': 74254.13666666667, 'sma10': 71683.359, 'momentum': 0.0007985456781117314, 'entry': 0.0, 'sl': 0.0, 'tp': 0.0, 'pos': 0.0}"
2026-03-18T11:13:58.973707,BTC/USD,HOLD,73968.38,0,,,,SVM prediction based on SMA features,"{'sma3': 74254.13666666667, 'sma10': 71683.359, 'momentum': 0.0007985456781117314, 'entry': 0.0, 'sl': 0.0, 'tp': 0.0, 'pos': 0.0}"
2026-03-18T11:14:09.274162,BTC/USD,HOLD,73955.15,0,,,,SVM prediction based on SMA features,"{'sma3': 74249.72666666667, 'sma10': 71682.036, 'momentum': 0.0006195426397954684, 'entry': 0.0, 'sl': 0.0, 'tp': 0.0, 'pos': 0.0}"
2026-03-18T11:14:19.542677,BTC/USD,HOLD,73938.12,0,,,,SVM prediction based on SMA features,"{'sma3': 74244.05, 'sma10': 71680.333, 'momentum': 0.00038912527452537486, 'entry': 0.0, 'sl': 0.0, 'tp': 0.0, 'pos': 0.0}"
2026-03-18T11:14:29.792709,BTC/USD,HOLD,73938.12,0,,,,SVM prediction based on SMA features,"{'sma3': 74244.05, 'sma10': 71680.333, 'momentum': 0.00038912527452537486, 'entry': 0.0, 'sl': 0.0, 'tp': 0.0, 'pos': 0.0}"
2026-03-18T11:14:40.057135,BTC/USD,HOLD,73938.11,0,,,,SVM prediction based on SMA features,"{'sma3': 74244.05, 'sma10': 71680.333, 'momentum': 0.00038912527452537486, 'entry': 0.0, 'sl': 0.0, 'tp': 0.0, 'pos': 0.0}"
2026-03-18T11:14:50.370741,BTC/USD,HOLD,73945.21,0,,,,SVM prediction based on SMA features,"{'sma3': 74246.41333333333, 'sma10': 71681.04199999999, 'momentum': 0.00048505358455283365, 'entry': 0.0, 'sl': 0.0, 'tp': 0.0, 'pos': 0.0}"
2026-03-18T11:15:00.757907,BTC/USD,HOLD,73955.76,0,,,,SVM prediction based on SMA features,"{'sma3': 74249.93, 'sma10': 71682.097, 'momentum': 0.0006277959922801953, 'entry': 0.0, 'sl': 0.0, 'tp': 0.0, 'pos': 0.0}"
2026-03-18T11:15:10.999004,BTC/USD,HOLD,73955.75,0,,,,SVM prediction based on SMA features,"{'sma3': 74249.92666666667, 'sma10': 71682.09599999999, 'momentum': 0.000627660691419861, 'entry': 0.0, 'sl': 0.0, 'tp': 0.0, 'pos': 0.0}"
2026-03-18T11:15:21.274813,BTC/USD,HOLD,73955.76,0,,,,SVM prediction based on SMA features,"{'sma3': 74249.93, 'sma10': 71682.097, 'momentum': 0.0006277959922801953, 'entry': 0.0, 'sl': 0.0, 'tp': 0.0, 'pos': 0.0}"
2026-03-18T11:15:31.548546,BTC/USD,HOLD,73976.71,0,,,,SVM prediction based on SMA features,"{'sma3': 74256.91333333333, 'sma10': 71684.192, 'momentum': 0.0009112512948293128, 'entry': 0.0, 'sl': 0.0, 'tp': 0.0, 'pos': 0.0}"
2026-03-18T11:15:41.847005,BTC/USD,HOLD,73985.45,0,,,,SVM prediction based on SMA features,"{'sma3': 74259.82666666666, 'sma10': 71685.06599999999, 'momentum': 0.0010295042468233592, 'entry': 0.0, 'sl': 0.0, 'tp': 0.0, 'pos': 0.0}"
2026-03-18T11:15:52.106008,BTC/USD,HOLD,73987.24,0,,,,SVM prediction based on SMA features,"{'sma3': 74260.42333333334, 'sma10': 71685.245, 'momentum': 0.001053723100836006, 'entry': 0.0, 'sl': 0.0, 'tp': 0.0, 'pos': 0.0}"
2026-03-18T11:16:02.400024,BTC/USD,HOLD,73983.97,0,,,,SVM prediction based on SMA features,"{'sma3': 74259.33333333333, 'sma10': 71684.91799999999, 'momentum': 0.00100947971948344, 'entry': 0.0, 'sl': 0.0, 'tp': 0.0, 'pos': 0.0}"
2026-03-18T11:16:12.688452,BTC/USD,HOLD,74003.6,0,,,,SVM prediction based on SMA features,"{'sma3': 74265.87666666666, 'sma10': 71686.881, 'momentum': 0.0012750753084589724, 'entry': 0.0, 'sl': 0.0, 'tp': 0.0, 'pos': 0.0}"
2026-03-18T11:16:22.950680,BTC/USD,HOLD,74003.2,0,,,,SVM prediction based on SMA features,"{'sma3': 74265.74333333333, 'sma10': 71686.84099999999, 'momentum': 0.001269663274042645, 'entry': 0.0, 'sl': 0.0, 'tp': 0.0, 'pos': 0.0}"
2026-03-18T11:16:33.319749,BTC/USD,HOLD,73997.02,0,,,,SVM prediction based on SMA features,"{'sma3': 74263.68333333333, 'sma10': 71686.223, 'momentum': 0.0011860473423123065, 'entry': 0.0, 'sl': 0.0, 'tp': 0.0, 'pos': 0.0}"
2026-03-18T11:16:43.561138,BTC/USD,HOLD,73997.02,0,,,,SVM prediction based on SMA features,"{'sma3': 74263.68333333333, 'sma10': 71686.223, 'momentum': 0.0011860473423123065, 'entry': 0.0, 'sl': 0.0, 'tp': 0.0, 'pos': 0.0}"
2026-03-18T11:16:53.941831,BTC/USD,HOLD,73997.01,0,,,,SVM prediction based on SMA features,"{'sma3': 74263.68, 'sma10': 71686.222, 'momentum': 0.0011859120414517753, 'entry': 0.0, 'sl': 0.0, 'tp': 0.0, 'pos': 0.0}"
2026-03-18T11:17:04.256696,BTC/USD,HOLD,73997.02,0,,,,SVM prediction based on SMA features,"{'sma3': 74263.68333333333, 'sma10': 71686.223, 'momentum': 0.0011860473423123065, 'entry': 0.0, 'sl': 0.0, 'tp': 0.0, 'pos': 0.0}"
2026-03-18T11:17:14.514225,BTC/USD,HOLD,73997.02,0,,,,SVM prediction based on SMA features,"{'sma3': 74263.68333333333, 'sma10': 71686.223, 'momentum': 0.0011860473423123065, 'entry': 0.0, 'sl': 0.0, 'tp': 0.0, 'pos': 0.0}"
2026-03-18T11:17:24.835862,BTC/USD,HOLD,73997.02,0,,,,SVM prediction based on SMA features,"{'sma3': 74263.68, 'sma10': 71686.222, 'momentum': 0.0011859120414517753, 'entry': 0.0, 'sl': 0.0, 'tp': 0.0, 'pos': 0.0}"
2026-03-18T11:17:35.111409,BTC/USD,HOLD,73992.0,0,,,,SVM prediction based on SMA features,"{'sma3': 74262.01, 'sma10': 71685.72099999999, 'momentum': 0.0011181263103888252, 'entry': 0.0, 'sl': 0.0, 'tp': 0.0, 'pos': 0.0}"
2026-03-18T11:17:45.381012,BTC/USD,HOLD,74017.05,0,,,,SVM prediction based on SMA features,"{'sma3': 74270.36, 'sma10': 71688.226, 'momentum': 0.0014570549657039694, 'entry': 0.0, 'sl': 0.0, 'tp': 0.0, 'pos': 0.0}"
2026-03-18T11:17:55.642862,BTC/USD,HOLD,74000.8,0,,,,SVM prediction based on SMA features,"{'sma3': 74264.94333333334, 'sma10': 71686.601, 'momentum': 0.0012371910675454682, 'entry': 0.0, 'sl': 0.0, 'tp': 0.0, 'pos': 0.0}"
2026-03-18T11:18:05.897018,BTC/USD,HOLD,74000.81,0,,,,SVM prediction based on SMA features,"{'sma3': 74264.94666666667, 'sma10': 71686.602, 'momentum': 0.0012373263684058026, 'entry': 0.0, 'sl': 0.0, 'tp': 0.0, 'pos': 0.0}"
2026-03-18T11:18:16.152712,BTC/USD,HOLD,73992.0,0,,,,SVM prediction based on SMA features,"{'sma3': 74262.32333333333, 'sma10': 71685.81499999999, 'momentum': 0.0011308445912669484, 'entry': 0.0, 'sl': 0.0, 'tp': 0.0, 'pos': 0.0}"
2026-03-18T11:18:26.481804,BTC/USD,HOLD,73980.88,0,,,,SVM prediction based on SMA features,"{'sma3': 74258.30333333333, 'sma10': 71684.609, 'momentum': 0.0009676717536182707, 'entry': 0.0, 'sl': 0.0, 'tp': 0.0, 'pos': 0.0}"
2026-03-18T11:18:36.788884,BTC/USD,HOLD,73974.0,0,,,,SVM prediction based on SMA features,"{'sma3': 74256.01, 'sma10': 71683.921, 'momentum': 0.0008745847616594085, 'entry': 0.0, 'sl': 0.0, 'tp': 0.0, 'pos': 0.0}"
2026-03-18T11:18:47.040032,BTC/USD,HOLD,73976.94,0,,,,SVM prediction based on SMA features,"{'sma3': 74256.99, 'sma10': 71684.215, 'momentum': 0.000914363214618578, 'entry': 0.0, 'sl': 0.0, 'tp': 0.0, 'pos': 0.0}"
2026-03-18T11:18:57.323998,BTC/USD,HOLD,73976.94,0,,,,SVM prediction based on SMA features,"{'sma3': 74256.99, 'sma10': 71684.215, 'momentum': 0.000914363214618578, 'entry': 0.0, 'sl': 0.0, 'tp': 0.0, 'pos': 0.0}"
2026-03-18T11:19:07.602097,BTC/USD,HOLD,73964.32,0,,,,SVM prediction based on SMA features,"{'sma3': 74252.78333333334, 'sma10': 71682.95300000001, 'momentum': 0.0007436135287872389, 'entry': 0.0, 'sl': 0.0, 'tp': 0.0, 'pos': 0.0}"
2026-03-18T11:19:17.899425,BTC/USD,HOLD,73964.32,0,,,,SVM prediction based on SMA features,"{'sma3': 74252.78333333334, 'sma10': 71682.95300000001, 'momentum': 0.0007436135287872389, 'entry': 0.0, 'sl': 0.0, 'tp': 0.0, 'pos': 0.0}"
2026-03-18T11:19:28.149629,BTC/USD,HOLD,73973.55,0,,,,SVM prediction based on SMA features,"{'sma3': 74255.86, 'sma10': 71683.876, 'momentum': 0.0008684962229412124, 'entry': 0.0, 'sl': 0.0, 'tp': 0.0, 'pos': 0.0}"
2026-03-18T11:19:38.473865,BTC/USD,HOLD,73979.19,0,,,,SVM prediction based on SMA features,"{'sma3': 74257.74, 'sma10': 71684.43999999999, 'momentum': 0.0009448059082097551, 'entry': 0.0, 'sl': 0.0, 'tp': 0.0, 'pos': 0.0}"
2026-03-18T11:19:48.738169,BTC/USD,HOLD,73982.91,0,,,,SVM prediction based on SMA features,"{'sma3': 74258.98, 'sma10': 71684.812, 'momentum': 0.000995137828280517, 'entry': 0.0, 'sl': 0.0, 'tp': 0.0, 'pos': 0.0}"
2026-03-18T11:19:58.995841,BTC/USD,HOLD,73987.31,0,,,,SVM prediction based on SMA features,"{'sma3': 74260.44666666667, 'sma10': 71685.25200000001, 'momentum': 0.0010546702068587402, 'entry': 0.0, 'sl': 0.0, 'tp': 0.0, 'pos': 0.0}"
2026-03-18T11:20:09.286645,BTC/USD,HOLD,73987.09,0,,,,SVM prediction based on SMA features,"{'sma3': 74260.37333333334, 'sma10': 71685.23, 'momentum': 0.0010516935879298092, 'entry': 0.0, 'sl': 0.0, 'tp': 0.0, 'pos': 0.0}"
2026-03-18T11:20:19.599737,BTC/USD,HOLD,73984.38,0,,,,SVM prediction based on SMA features,"{'sma3': 74259.47, 'sma10': 71684.959, 'momentum': 0.0010150270547601018, 'entry': 0.0, 'sl': 0.0, 'tp': 0.0, 'pos': 0.0}"
2026-03-18T11:20:29.902852,BTC/USD,HOLD,73977.13,0,,,,SVM prediction based on SMA features,"{'sma3': 74257.05333333333, 'sma10': 71684.234, 'momentum': 0.0009169339309663089, 'entry': 0.0, 'sl': 0.0, 'tp': 0.0, 'pos': 0.0}"
2026-03-18T11:20:40.161980,BTC/USD,HOLD,73978.94,0,,,,SVM prediction based on SMA features,"{'sma3': 74257.65666666666, 'sma10': 71684.415, 'momentum': 0.0009414233866996243, 'entry': 0.0, 'sl': 0.0, 'tp': 0.0, 'pos': 0.0}"
2026-03-18T11:20:50.439823,BTC/USD,HOLD,73978.95,0,,,,SVM prediction based on SMA features,"{'sma3': 74257.65999999999, 'sma10': 71684.416, 'momentum': 0.0009415586875599586, 'entry': 0.0, 'sl': 0.0, 'tp': 0.0, 'pos': 0.0}"
2026-03-18T11:21:00.834474,BTC/USD,HOLD,73978.94,0,,,,SVM prediction based on SMA features,"{'sma3': 74257.65666666666, 'sma10': 71684.415, 'momentum': 0.0009414233866996243, 'entry': 0.0, 'sl': 0.0, 'tp': 0.0, 'pos': 0.0}"
2026-03-18T11:21:11.092696,BTC/USD,HOLD,73978.95,0,,,,SVM prediction based on SMA features,"{'sma3': 74257.65999999999, 'sma10': 71684.416, 'momentum': 0.0009415586875599586, 'entry': 0.0, 'sl': 0.0, 'tp': 0.0, 'pos': 0.0}"
2026-03-18T11:21:21.351255,BTC/USD,HOLD,73978.95,0,,,,SVM prediction based on SMA features,"{'sma3': 74257.65999999999, 'sma10': 71684.416, 'momentum': 0.0009415586875599586, 'entry': 0.0, 'sl': 0.0, 'tp': 0.0, 'pos': 0.0}"
2026-03-18T11:21:31.681577,BTC/USD,HOLD,73978.95,0,,,,SVM prediction based on SMA features,"{'sma3': 74257.65999999999, 'sma10': 71684.416, 'momentum': 0.0009415586875599586, 'entry': 0.0, 'sl': 0.0, 'tp': 0.0, 'pos': 0.0}"
2026-03-18T11:21:41.962726,BTC/USD,HOLD,73984.38,0,,,,SVM prediction based on SMA features,"{'sma3': 74259.47, 'sma10': 71684.959, 'momentum': 0.0010150270547601018, 'entry': 0.0, 'sl': 0.0, 'tp': 0.0, 'pos': 0.0}"
2026-03-18T11:21:52.284265,BTC/USD,HOLD,73991.25,0,,,,SVM prediction based on SMA features,"{'sma3': 74261.76, 'sma10': 71685.646, 'momentum': 0.0011079787458584329, 'entry': 0.0, 'sl': 0.0, 'tp': 0.0, 'pos': 0.0}"
2026-03-18T11:22:02.552019,BTC/USD,HOLD,73992.79,0,,,,SVM prediction based on SMA features,"{'sma3': 74262.27333333333, 'sma10': 71685.8, 'momentum': 0.0011288150783607517, 'entry': 0.0, 'sl': 0.0, 'tp': 0.0, 'pos': 0.0}"
2026-03-18T11:22:12.828394,BTC/USD,HOLD,73987.08,0,,,,SVM prediction based on SMA features,"{'sma3': 74260.37, 'sma10': 71685.22899999999, 'momentum': 0.001051558287069475, 'entry': 0.0, 'sl': 0.0, 'tp': 0.0, 'pos': 0.0}"
2026-03-18T11:22:23.087031,BTC/USD,HOLD,73987.08,0,,,,SVM prediction based on SMA features,"{'sma3': 74260.37, 'sma10': 71685.22899999999, 'momentum': 0.001051558287069475, 'entry': 0.0, 'sl': 0.0, 'tp': 0.0, 'pos': 0.0}"
2026-03-18T11:22:33.371852,BTC/USD,HOLD,73987.08,0,,,,SVM prediction based on SMA features,"{'sma3': 74260.37, 'sma10': 71685.22899999999, 'momentum': 0.001051558287069475, 'entry': 0.0, 'sl': 0.0, 'tp': 0.0, 'pos': 0.0}"
2026-03-18T11:22:43.671042,BTC/USD,HOLD,73987.16,0,,,,SVM prediction based on SMA features,"{'sma3': 74260.39666666667, 'sma10': 71685.237, 'momentum': 0.0010526406939527404, 'entry': 0.0, 'sl': 0.0, 'tp': 0.0, 'pos': 0.0}"
2026-03-18T11:22:54.004125,BTC/USD,HOLD,73987.15,0,,,,SVM prediction based on SMA features,"{'sma3': 74260.39666666667, 'sma10': 71685.237, 'momentum': 0.0010526406939527404, 'entry': 0.0, 'sl': 0.0, 'tp': 0.0, 'pos': 0.0}"
2026-03-18T11:23:04.242745,BTC/USD,HOLD,73973.93,0,,,,SVM prediction based on SMA features,"{'sma3': 74255.98666666666, 'sma10': 71683.91399999999, 'momentum': 0.0008736376556364773, 'entry': 0.0, 'sl': 0.0, 'tp': 0.0, 'pos': 0.0}"
2026-03-18T11:23:14.511239,BTC/USD,HOLD,73964.32,0,,,,SVM prediction based on SMA features,"{'sma3': 74252.78333333334, 'sma10': 71682.95300000001, 'momentum': 0.0007436135287872389, 'entry': 0.0, 'sl': 0.0, 'tp': 0.0, 'pos': 0.0}"
2026-03-18T11:23:24.740829,BTC/USD,HOLD,73964.32,0,,,,SVM prediction based on SMA features,"{'sma3': 74252.78333333334, 'sma10': 71682.95300000001, 'momentum': 0.0007436135287872389, 'entry': 0.0, 'sl': 0.0, 'tp': 0.0, 'pos': 0.0}"
2026-03-18T11:23:35.035986,BTC/USD,HOLD,73968.99,0,,,,SVM prediction based on SMA features,"{'sma3': 74254.33666666667, 'sma10': 71683.419, 'momentum': 0.0008066637297359272, 'entry': 0.0, 'sl': 0.0, 'tp': 0.0, 'pos': 0.0}"
2026-03-18T11:23:45.329934,BTC/USD,HOLD,73956.74,0,,,,SVM prediction based on SMA features,"{'sma3': 74250.25666666667, 'sma10': 71682.19499999999, 'momentum': 0.0006410554766000498, 'entry': 0.0, 'sl': 0.0, 'tp': 0.0, 'pos': 0.0}"
2026-03-18T11:23:55.580034,BTC/USD,HOLD,73956.74,0,,,,SVM prediction based on SMA features,"{'sma3': 74250.25666666667, 'sma10': 71682.19499999999, 'momentum': 0.0006410554766000498, 'entry': 0.0, 'sl': 0.0, 'tp': 0.0, 'pos': 0.0}"
2026-03-18T11:24:05.857936,BTC/USD,HOLD,73964.58,0,,,,SVM prediction based on SMA features,"{'sma3': 74252.87333333334, 'sma10': 71682.98, 'momentum': 0.0007472666520180384, 'entry': 0.0, 'sl': 0.0, 'tp': 0.0, 'pos': 0.0}"
2026-03-18T11:24:16.126466,BTC/USD,HOLD,73964.58,0,,,,SVM prediction based on SMA features,"{'sma3': 74252.87, 'sma10': 71682.97899999999, 'momentum': 0.000747131351157704, 'entry': 0.0, 'sl': 0.0, 'tp': 0.0, 'pos': 0.0}"
2026-03-18T11:24:26.390953,BTC/USD,HOLD,73952.82,0,,,,SVM prediction based on SMA features,"{'sma3': 74248.95, 'sma10': 71681.803, 'momentum': 0.0005880175393212227, 'entry': 0.0, 'sl': 0.0, 'tp': 0.0, 'pos': 0.0}"
2026-03-18T11:24:36.684873,BTC/USD,HOLD,73950.0,0,,,,SVM prediction based on SMA features,"{'sma3': 74248.01333333332, 'sma10': 71681.522, 'momentum': 0.0005499979975471872, 'entry': 0.0, 'sl': 0.0, 'tp': 0.0, 'pos': 0.0}"
2026-03-18T11:24:46.928520,BTC/USD,HOLD,73920.0,0,,,,SVM prediction based on SMA features,"{'sma3': 74238.01, 'sma10': 71678.521, 'momentum': 0.00014396011547115843, 'entry': 0.0, 'sl': 0.0, 'tp': 0.0, 'pos': 0.0}"
2026-03-18T11:24:57.247915,BTC/USD,HOLD,73920.01,0,,,,SVM prediction based on SMA features,"{'sma3': 74238.01333333332, 'sma10': 71678.522, 'momentum': 0.00014409541633149278, 'entry': 0.0, 'sl': 0.0, 'tp': 0.0, 'pos': 0.0}"
2026-03-18T11:25:07.524162,BTC/USD,HOLD,73923.36,0,,,,SVM prediction based on SMA features,"{'sma3': 74239.13, 'sma10': 71678.85699999999, 'momentum': 0.00018942120456732407, 'entry': 0.0, 'sl': 0.0, 'tp': 0.0, 'pos': 0.0}"
2026-03-18T11:25:17.785743,BTC/USD,HOLD,73895.65,0,,,,SVM prediction based on SMA features,"{'sma3': 74229.89333333333, 'sma10': 71676.086, 'momentum': -0.000185497479615659, 'entry': 0.0, 'sl': 0.0, 'tp': 0.0, 'pos': 0.0}"
2026-03-18T11:25:28.052898,BTC/USD,HOLD,73881.19,0,,,,SVM prediction based on SMA features,"{'sma3': 74224.29666666668, 'sma10': 71674.40699999999, 'momentum': -0.00041266762423595603, 'entry': 0.0, 'sl': 0.0, 'tp': 0.0, 'pos': 0.0}"
2026-03-18T11:25:38.334723,BTC/USD,HOLD,73856.31,0,,,,SVM prediction based on SMA features,"{'sma3': 74216.78, 'sma10': 71672.152, 'momentum': -0.0007177710644497924, 'entry': 0.0, 'sl': 0.0, 'tp': 0.0, 'pos': 0.0}"
2026-03-18T11:25:48.607436,BTC/USD,HOLD,73862.27,0,,,,SVM prediction based on SMA features,"{'sma3': 74218.76666666666, 'sma10': 71672.74799999999, 'momentum': -0.0006371317516481878, 'entry': 0.0, 'sl': 0.0, 'tp': 0.0, 'pos': 0.0}"
2026-03-18T11:25:58.854658,BTC/USD,HOLD,73860.92,0,,,,SVM prediction based on SMA features,"{'sma3': 74218.31666666667, 'sma10': 71672.613, 'momentum': -0.0006553973678029728, 'entry': 0.0, 'sl': 0.0, 'tp': 0.0, 'pos': 0.0}"
2026-03-18T11:26:09.155850,BTC/USD,HOLD,73869.15,0,,,,SVM prediction based on SMA features,"{'sma3': 74221.06, 'sma10': 71673.436, 'momentum': -0.0005440447596895225, 'entry': 0.0, 'sl': 0.0, 'tp': 0.0, 'pos': 0.0}"
2026-03-18T11:26:19.436815,BTC/USD,HOLD,73869.16,0,,,,SVM prediction based on SMA features,"{'sma3': 74221.06333333334, 'sma10': 71673.437, 'momentum': -0.0005439094588289912, 'entry': 0.0, 'sl': 0.0, 'tp': 0.0, 'pos': 0.0}"
2026-03-18T11:26:29.744778,BTC/USD,HOLD,73846.88,0,,,,SVM prediction based on SMA features,"{'sma3': 74213.64, 'sma10': 71671.20999999999, 'momentum': -0.0008452244749514969, 'entry': 0.0, 'sl': 0.0, 'tp': 0.0, 'pos': 0.0}"
2026-03-18T11:26:40.004814,BTC/USD,HOLD,73838.01,0,,,,SVM prediction based on SMA features,"{'sma3': 74210.67666666667, 'sma10': 71670.321, 'momentum': -0.0009655069398517398, 'entry': 0.0, 'sl': 0.0, 'tp': 0.0, 'pos': 0.0}"
2026-03-18T11:26:50.272856,BTC/USD,HOLD,73800.01,0,,,,SVM prediction based on SMA features,"{'sma3': 74198.01333333332, 'sma10': 71666.522, 'momentum': -0.001479514908531285, 'entry': 0.0, 'sl': 0.0, 'tp': 0.0, 'pos': 0.0}"
2026-03-18T11:27:00.542613,BTC/USD,HOLD,73764.51,0,,,,SVM prediction based on SMA features,"{'sma3': 74186.18, 'sma10': 71662.972, 'momentum': -0.001959832962969857, 'entry': 0.0, 'sl': 0.0, 'tp': 0.0, 'pos': 0.0}"
2026-03-18T11:27:10.857954,BTC/USD,HOLD,73759.7,0,,,,SVM prediction based on SMA features,"{'sma3': 74184.57333333333, 'sma10': 71662.48999999999, 'momentum': -0.002025047977685076, 'entry': 0.0, 'sl': 0.0, 'tp': 0.0, 'pos': 0.0}"
2026-03-18T11:27:21.129145,BTC/USD,HOLD,73760.85,0,,,,SVM prediction based on SMA features,"{'sma3': 74184.96, 'sma10': 71662.606, 'momentum': -0.002009353077878022, 'entry': 0.0, 'sl': 0.0, 'tp': 0.0, 'pos': 0.0}"
2026-03-18T11:27:31.406471,BTC/USD,HOLD,73742.28,0,,,,SVM prediction based on SMA features,"{'sma3': 74178.77333333333, 'sma10': 71660.75, 'momentum': -0.002260471474790297, 'entry': 0.0, 'sl': 0.0, 'tp': 0.0, 'pos': 0.0}"
2026-03-18T11:27:41.666842,BTC/USD,HOLD,73764.4,0,,,,SVM prediction based on SMA features,"{'sma3': 74186.81, 'sma10': 71663.161, 'momentum': -0.001934261100353276, 'entry': 0.0, 'sl': 0.0, 'tp': 0.0, 'pos': 0.0}"
2026-03-18T11:27:51.943936,BTC/USD,HOLD,73795.86,0,,,,SVM prediction based on SMA features,"{'sma3': 74196.63, 'sma10': 71666.10699999999, 'momentum': -0.0015356647655993775, 'entry': 0.0, 'sl': 0.0, 'tp': 0.0, 'pos': 0.0}"
2026-03-18T11:28:02.232884,BTC/USD,HOLD,73781.01,0,,,,SVM prediction based on SMA features,"{'sma3': 74193.40666666666, 'sma10': 71665.13999999998, 'momentum': -0.0016665006976112125, 'entry': 0.0, 'sl': 0.0, 'tp': 0.0, 'pos': 0.0}"
2026-03-18T11:28:12.540305,BTC/USD,HOLD,73817.72,0,,,,SVM prediction based on SMA features,"{'sma3': 74203.91666666667, 'sma10': 71668.29299999999, 'momentum': -0.0012398970847535334, 'entry': 0.0, 'sl': 0.0, 'tp': 0.0, 'pos': 0.0}"
2026-03-18T11:28:22.821509,BTC/USD,HOLD,73783.8,0,,,,SVM prediction based on SMA features,"{'sma3': 74192.60666666667, 'sma10': 71664.9, 'momentum': -0.0016989729041085864, 'entry': 0.0, 'sl': 0.0, 'tp': 0.0, 'pos': 0.0}"
2026-03-18T11:28:33.063260,BTC/USD,HOLD,73762.51,0,,,,SVM prediction based on SMA features,"{'sma3': 74188.09000000001, 'sma10': 71663.545, 'momentum': -0.0018823055699575175, 'entry': 0.0, 'sl': 0.0, 'tp': 0.0, 'pos': 0.0}"
2026-03-18T11:28:43.330690,BTC/USD,HOLD,73766.21,0,,,,SVM prediction based on SMA features,"{'sma3': 74185.59000000001, 'sma10': 71662.795, 'momentum': -0.001983781215261441, 'entry': 0.0, 'sl': 0.0, 'tp': 0.0, 'pos': 0.0}"
2026-03-18T11:28:53.608560,BTC/USD,HOLD,73760.04,0,,,,SVM prediction based on SMA features,"{'sma3': 74184.69, 'sma10': 71662.525, 'momentum': -0.002020312447571011, 'entry': 0.0, 'sl': 0.0, 'tp': 0.0, 'pos': 0.0}"
2026-03-18T11:29:03.851836,BTC/USD,HOLD,73776.16,0,,,,SVM prediction based on SMA features,"{'sma3': 74190.06333333334, 'sma10': 71664.137, 'momentum': -0.0018022074605976441, 'entry': 0.0, 'sl': 0.0, 'tp': 0.0, 'pos': 0.0}"
2026-03-18T11:29:14.124489,BTC/USD,HOLD,73769.78,0,,,,SVM prediction based on SMA features,"{'sma3': 74187.93666666666, 'sma10': 71663.499, 'momentum': -0.0018885294095362447, 'entry': 0.0, 'sl': 0.0, 'tp': 0.0, 'pos': 0.0}"
2026-03-18T11:29:24.408381,BTC/USD,HOLD,73755.0,0,,,,SVM prediction based on SMA features,"{'sma3': 74183.01333333332, 'sma10': 71662.022, 'momentum': -0.002088368780354827, 'entry': 0.0, 'sl': 0.0, 'tp': 0.0, 'pos': 0.0}"
2026-03-18T11:29:34.674522,BTC/USD,HOLD,73776.16,0,,,,SVM prediction based on SMA features,"{'sma3': 74190.06333333334, 'sma10': 71664.137, 'momentum': -0.0018022074605976441, 'entry': 0.0, 'sl': 0.0, 'tp': 0.0, 'pos': 0.0}"
2026-03-18T11:29:44.947601,BTC/USD,HOLD,73597.63,0,,,,SVM prediction based on SMA features,"{'sma3': 74130.55666666666, 'sma10': 71646.285, 'momentum': -0.004217598420551891, 'entry': 0.0, 'sl': 0.0, 'tp': 0.0, 'pos': 0.0}"
2026-03-18T11:29:55.228906,BTC/USD,HOLD,73613.78,0,,,,SVM prediction based on SMA features,"{'sma3': 74135.93666666666, 'sma10': 71647.899, 'momentum': -0.003999222831857856, 'entry': 0.0, 'sl': 0.0, 'tp': 0.0, 'pos': 0.0}"
2026-03-18T11:30:05.483473,BTC/USD,HOLD,73564.12,0,,,,SVM prediction based on SMA features,"{'sma3': 74119.38333333333, 'sma10': 71642.93299999999, 'momentum': -0.004671126904630282, 'entry': 0.0, 'sl': 0.0, 'tp': 0.0, 'pos': 0.0}"
2026-03-18T11:30:15.852961,BTC/USD,HOLD,73595.55,0,,,,SVM prediction based on SMA features,"{'sma3': 74129.85666666667, 'sma10': 71646.075, 'momentum': -0.004246011601237069, 'entry': 0.0, 'sl': 0.0, 'tp': 0.0, 'pos': 0.0}"
2026-03-18T11:30:26.130930,BTC/USD,HOLD,73594.39,0,,,,SVM prediction based on SMA features,"{'sma3': 74130.61666666667, 'sma10': 71646.303, 'momentum': -0.004215163005064495, 'entry': 0.0, 'sl': 0.0, 'tp': 0.0, 'pos': 0.0}"
2026-03-18T11:30:36.378285,BTC/USD,HOLD,73568.66,0,,,,SVM prediction based on SMA features,"{'sma3': 74120.89666666667, 'sma10': 71643.387, 'momentum': -0.004609700314006197, 'entry': 0.0, 'sl': 0.0, 'tp': 0.0, 'pos': 0.0}"
2026-03-18T11:30:46.650619,BTC/USD,HOLD,73573.54,0,,,,SVM prediction based on SMA features,"{'sma3': 74121.96666666666, 'sma10': 71643.708, 'momentum': -0.004566268737816228, 'entry': 0.0, 'sl': 0.0, 'tp': 0.0, 'pos': 0.0}"
2026-03-18T11:30:56.912060,BTC/USD,HOLD,73260.0,0,,,,SVM prediction based on SMA features,"{'sma3': 74016.60333333333, 'sma10': 71612.099, 'momentum': -0.008842993634365142, 'entry': 0.0, 'sl': 0.0, 'tp': 0.0, 'pos': 0.0}"
2026-03-18T11:31:07.238723,BTC/USD,HOLD,73141.47,0,,,,SVM prediction based on SMA features,"{'sma3': 73992.48333333334, 'sma10': 71604.863, 'momentum': -0.009822030660257407, 'entry': 0.0, 'sl': 0.0, 'tp': 0.0, 'pos': 0.0}"
2026-03-18T11:31:17.492991,BTC/USD,HOLD,73215.3,0,,,,SVM prediction based on SMA features,"{'sma3': 74003.11, 'sma10': 71608.051, 'momentum': -0.009390691517285466, 'entry': 0.0, 'sl': 0.0, 'tp': 0.0, 'pos': 0.0}"
2026-03-18T11:31:27.752844,BTC/USD,HOLD,73304.68,0,,,,SVM prediction based on SMA features,"{'sma3': 74032.90333333334, 'sma10': 71616.98899999999, 'momentum': -0.00818137242698364, 'entry': 0.0, 'sl': 0.0, 'tp': 0.0, 'pos': 0.0}"
2026-03-18T11:31:38.024781,BTC/USD,HOLD,73228.01,0,,,,SVM prediction based on SMA features,"{'sma3': 74004.91333333333, 'sma10': 71608.59199999999, 'momentum': -0.009317493751806188, 'entry': 0.0, 'sl': 0.0, 'tp': 0.0, 'pos': 0.0}"
2026-03-18T11:31:48.289301,BTC/USD,HOLD,73108.76,0,,,,SVM prediction based on SMA features,"{'sma3': 73962.37666666666, 'sma10': 71595.83099999999, 'momentum': -0.011044068031437355, 'entry': 0.0, 'sl': 0.0, 'tp': 0.0, 'pos': 0.0}"
2026-03-18T11:31:58.575598,BTC/USD,HOLD,73156.55,0,,,,SVM prediction based on SMA features,"{'sma3': 73975.75666666667, 'sma10': 71599.845, 'momentum': -0.010500970377770763, 'entry': 0.0, 'sl': 0.0, 'tp': 0.0, 'pos': 0.0}"
